DROP DATABASE IF EXISTS fb_db;
create database fb_db;
use fb_db;

create table users (
	id int PRIMARY KEY AUTO_INCREMENT,
    fullName nvarchar(100) NOT NULL,
    loginPassword nvarchar(255) NOT NULL,
    privacy nchar(2)  CHECK(privacy='pu' OR privacy='pr') DEFAULT 'pr',
    gender nchar(1) NOT NULL CHECK (gender IN ('M', 'F', 'O')),
    birthDate date NOT NULL,
    maritalStatus nchar(1) CHECK (maritalStatus IN ('S', 'W', 'M', 'D')),
    city nvarchar(50) NOT NULL,
    country nvarchar(50) NOT NULL,
    email nvarchar(100) NOT NULL UNIQUE,
    phoneNumber nchar(9) NOT NULL CHECK(phoneNumber REGEXP '^9[0-9]{8}$') UNIQUE,
    createDate DATE DEFAULT (CURRENT_DATE)
);

create table posts (
	id int PRIMARY KEY AUTO_INCREMENT,
    idUser int NOT NULL,
    postDate datetime DEFAULT CURRENT_TIMESTAMP,
    postText text,
    FOREIGN KEY (idUser) REFERENCES users(id) ON DELETE CASCADE
    
);

create table comments (
	id int PRIMARY KEY AUTO_INCREMENT,
    idPost int NOT NULL,
    idUser int NOT NULL,
    commentDate datetime DEFAULT CURRENT_TIMESTAMP,
    parentCommentId int,
    commentText text NOT NULL,
	FOREIGN KEY (idPost) REFERENCES posts(id) ON DELETE CASCADE,
    FOREIGN KEY (idUser) REFERENCES users(id) ON DELETE CASCADE,
    FOREIGN KEY (parentCommentId) REFERENCES comments(id) ON DELETE CASCADE
);

create table posts_likes (
	idUser int NOT NULL,
    idPost int NOT NULL,
    likeDate datetime DEFAULT CURRENT_TIMESTAMP,
    PRIMARY KEY (idUser, idPost),
    FOREIGN KEY (idUser) REFERENCES users(id) ON DELETE CASCADE,
    FOREIGN KEY (idPost) REFERENCES posts(id) ON DELETE CASCADE
);

create table comments_likes (
	idUser int NOT NULL,
    idComment int NOT NULL,
    likeDate datetime DEFAULT CURRENT_TIMESTAMP,
    PRIMARY KEY (idUser, idComment),
    FOREIGN KEY (idUser) REFERENCES users(id) ON DELETE CASCADE,
    FOREIGN KEY (idComment) REFERENCES comments(id) ON DELETE CASCADE
);


create table friendship (
	userId int NOT NULL,
    friendId int NOT NULL ,
    friendshipStatus nchar(1) CHECK (friendshipStatus='P' OR friendshipStatus='F' OR friendshipStatus='B') NOT NULL,
    friendDate datetime DEFAULT NULL,
    PRIMARY KEY (userId,friendId),
	FOREIGN KEY(userId) REFERENCES users(id) ON DELETE CASCADE,
	FOREIGN KEY(friendId) REFERENCES users (id) ON DELETE CASCADE,
    CHECK(userId <> friendId)
);


/* INSERTS -----------------------------------------------------*/


/* INSERTS USUรRIOS COM PASSWORDS -----------------------------------------------------*/

/*INSERT INTO users (fullName, loginPassword, gender, birthDate, maritalStatus, city, country, email, phoneNumber) VALUES
('Ana Sofia Silva', 'pass_ana92', 'F', '1992-05-14', 'S', 'Lisboa', 'Portugal', 'ana.silva92@gmail.com', '911223344'),
('Joรฃo Pedro Santos', 'senha_jp85', 'M', '1985-11-23', 'M', 'Porto', 'Portugal', 'jpsantos@hotmail.com', '933456789'),
('Maria Joรฃo Costa', 'mjoao_2024', 'F', '1998-02-10', 'S', 'Coimbra', 'Portugal', 'mjoaocosta@yahoo.com', '966778899'),
('Tiago Ferreira', 'tiago_sql90', 'M', '1990-08-30', 'M', 'Braga', 'Portugal', 'tiago.ferreira.90@gmail.com', '922334455'),
('Inรชs Martins', 'ines_pass01', 'F', '2001-12-05', 'S', 'Faro', 'Portugal', 'ines.martins01@outlook.com', '910101010'),
('Rui Oliveira', 'rui_oliv75', 'M', '1975-04-18', 'D', 'Aveiro', 'Portugal', 'rui.oliveira75@gmail.com', '931231231'),
('Carla Ribeiro', 'carla_88_lb', 'F', '1988-09-22', 'M', 'Leiria', 'Portugal', 'carlaribeiro88@gmail.com', '965432198'),
('Alex Silva', 'alex_lx_95', 'O', '1995-07-11', 'S', 'Lisboa', 'Portugal', 'alex.silva.lx@gmail.com', '918273645'),
('Miguel Rodrigues', 'miguel_stb82', 'M', '1982-01-15', 'D', 'Setรบbal', 'Portugal', 'miguel.rodrigues82@hotmail.com', '937654321'),
('Sofia Almeida', 'sofia_prt93', 'F', '1993-06-25', 'M', 'Porto', 'Portugal', 'sofiaalmeida93@yahoo.com', '961122334'),
('Pedro Gonรงalves', 'pedro_v_70', 'M', '1970-10-08', 'W', 'Viseu', 'Portugal', 'pgoncalves70@gmail.com', '915566778'),
('Beatriz Lopes', 'bea_evora03', 'F', '2003-03-12', 'S', 'รvora', 'Portugal', 'bealopes2003@gmail.com', '939876543'),
('Nuno Mendes', 'nuno_gui89', 'M', '1989-11-02', 'M', 'Guimarรฃes', 'Portugal', 'nuno.mendes.gui@outlook.com', '960001122'),
('Mariana Fernandes', 'mari_fern97', 'F', '1997-08-19', 'S', 'Portalegre', 'Portugal', 'mari.fernandes@gmail.com', '912233445'),
('Sam Costa', 'sam_lx_99', 'O', '1999-04-30', 'S', 'Lisboa', 'Portugal', 'sam.costa99@gmail.com', '934455667'),
('Carlos Pinto', 'carlos_f68', 'M', '1968-12-14', 'M', 'Faro', 'Portugal', 'carlos.pinto68@hotmail.com', '968899001'),
('Joana Teixeira', 'joana_snt91', 'F', '1991-02-28', 'D', 'Sintra', 'Portugal', 'joanateixeira91@gmail.com', '917788990'),
('Diogo Carvalho', 'diogo_cas00', 'M', '2000-09-17', 'S', 'Cascais', 'Portugal', 'diogo.carvalho00@yahoo.com', '935566778'),
('Catarina Rocha', 'cat_coi86', 'F', '1986-05-09', 'M', 'Coimbra', 'Portugal', 'catrocha86@gmail.com', '962233445'),
('Bruno Neves', 'bruno_vr94', 'M', '1994-10-21', 'S', 'Vila Real', 'Portugal', 'brunoneves94@outlook.com', '914455667'),
('Patrรญcia Gomes', 'patri_vc80', 'F', '1980-07-03', 'D', 'Viana do Castelo', 'Portugal', 'patricomes@gmail.com', '936677889'),
('Filipe Monteiro', 'fil_brg83', 'M', '1983-01-29', 'M', 'Braga', 'Portugal', 'filipemonteiro83@gmail.com', '964455667'),
('Leonor Sousa', 'leo_cb05', 'F', '2005-06-16', 'S', 'Castelo Branco', 'Portugal', 'leonorsousa05@hotmail.com', '919900112'),
('Ricardo Machado', 'ric_str78', 'M', '1978-08-04', 'W', 'Santarรฉm', 'Portugal', 'rmachado78@gmail.com', '932233445'),
('Daniela Azevedo', 'dani_stb96', 'F', '1996-12-11', 'M', 'Setรบbal', 'Portugal', 'dani.azevedo@yahoo.com', '967788990'),
('Andrรฉ Pires', 'andre_f92', 'M', '1992-03-08', 'S', 'Faro', 'Portugal', 'apires92@gmail.com', '913344556'),
('Cris Martins', 'cris_prt98', 'O', '1998-11-27', 'S', 'Porto', 'Portugal', 'crismartins98@outlook.com', '938899001'),
('Rita Faria', 'rita_lx87', 'F', '1987-04-14', 'M', 'Lisboa', 'Portugal', 'ritafaria87@gmail.com', '965566778'),
('Tomรกs Correia', 'tomas_ev02', 'M', '2002-01-22', 'S', 'รvora', 'Portugal', 'tomas.correia02@gmail.com', '916677889'),
('Helena Batista', 'helena_bj73', 'F', '1973-09-05', 'W', 'Beja', 'Portugal', 'hbatista73@hotmail.com', '931122334');*/

INSERT INTO users (fullName, loginPassword, gender, birthDate, maritalStatus, city, country, email, phoneNumber) VALUES
('Ana Sofia Silva', '$2b$10$K5zs20hMH4pR2ZyCvjddOOZDfT.uivVtJcAOWxpXbkqu9T1bxftAy', 'F', '1992-05-14', 'S', 'Lisboa', 'Portugal', 'ana.silva92@gmail.com', '911223344'),
('Joรฃo Pedro Santos', '$2b$10$VQve3kzEhssgEiVAJ8opvedzskTlS3C8rYWd50gOjboMZNgwENA8q', 'M', '1985-11-23', 'M', 'Porto', 'Portugal', 'jpsantos@hotmail.com', '933456789'),
('Maria Joรฃo Costa', '$2b$10$g/i7tPXoQVNqGjLhvEIoDuEpgG22BaUhnSdBgZUOsQ0PYvfIT85PW', 'F', '1998-02-10', 'S', 'Coimbra', 'Portugal', 'mjoaocosta@yahoo.com', '966778899'),
('Tiago Ferreira', '$2b$10$ON8m.1b2RhH6TagDKZlpheElNyTIWZ83C/cLt9BRX7u7Jn2cM08r.', 'M', '1990-08-30', 'M', 'Braga', 'Portugal', 'tiago.ferreira.90@gmail.com', '922334455'),
('Inรชs Martins', '$2b$10$Qf0/ZRX19PiJlmyfZyxkWOIARfIYM8eON3FKWcKaHTocVptRg2z3m', 'F', '2001-12-05', 'S', 'Faro', 'Portugal', 'ines.martins01@outlook.com', '910101010'),
('Rui Oliveira', '$2b$10$7yZt11F2wyjMUeYAgr71FeTPA2xw4gLgOr6rEjrI02rJ2ZsVYYE4K', 'M', '1975-04-18', 'D', 'Aveiro', 'Portugal', 'rui.oliveira75@gmail.com', '931231231'),
('Carla Ribeiro', '$2b$10$PZ5fHRttoga5HTmpbYzDlu/UoPLyDspo6y3d9.SgO3D4nrVIG6Lwi', 'F', '1988-09-22', 'M', 'Leiria', 'Portugal', 'carlaribeiro88@gmail.com', '965432198'),
('Alex Silva', '$2b$10$Y6P6638sj7tfMjPPInt22ujkZ/ama0RRs9o9Lk11GzbeN8QQN.QdC', 'O', '1995-07-11', 'S', 'Lisboa', 'Portugal', 'alex.silva.lx@gmail.com', '918273645'),
('Miguel Rodrigues', '$2b$10$akcTwOfwWZGPf.EG9F66u.m0tNSSVtyRIO0svRjQiUD2dzuBSz8ki', 'M', '1982-01-15', 'D', 'Setรบbal', 'Portugal', 'miguel.rodrigues82@hotmail.com', '937654321'),
('Sofia Almeida', '$2b$10$6QTtpLp11/EMHrOwvWEzhe1mWRnwAYQf3BknkyxneMGGgAkfi8RM6', 'F', '1993-06-25', 'M', 'Porto', 'Portugal', 'sofiaalmeida93@yahoo.com', '961122334'),
('Pedro Gonรงalves', '$2b$10$gnDkBdFhMJ20eYFyF7k6QelBEMmodPKpuGiLfi177GtqG2gFDO3Fy', 'M', '1970-10-08', 'W', 'Viseu', 'Portugal', 'pgoncalves70@gmail.com', '915566778'),
('Beatriz Lopes', '$2b$10$.2UH5fBou6DW.0ap4c9Zzu22FxnF6fTYsgn1DaiNX5DKTSGiwmXx2', 'F', '2003-03-12', 'S', 'รvora', 'Portugal', 'bealopes2003@gmail.com', '939876543'),
('Nuno Mendes', '$2b$10$yXuuPdaXlDNJcYdNcJmY2uP/iDtt8gm1ORJOgvnQue2E3SJVfbjUK', 'M', '1989-11-02', 'M', 'Guimarรฃes', 'Portugal', 'nuno.mendes.gui@outlook.com', '960001122'),
('Mariana Fernandes', '$2b$10$BULLk87cSQzQhR0./xSpFez0VkFs/ZQc9wx8Fb4GXGwK5ei7jH3xK', 'F', '1997-08-19', 'S', 'Portalegre', 'Portugal', 'mari.fernandes@gmail.com', '912233445'),
('Sam Costa', '$2b$10$2p.BFkq9OYFNVJFE1cfPZe9AO3sBwNr1JaTEqzCLLstouNhYF8R5y', 'O', '1999-04-30', 'S', 'Lisboa', 'Portugal', 'sam.costa99@gmail.com', '934455667'),
('Carlos Pinto', '$2b$10$zLtTeMvWruvemo.llzRBz.D87VULUZh4YR03JrPrETI015NE.BXTO', 'M', '1968-12-14', 'M', 'Faro', 'Portugal', 'carlos.pinto68@hotmail.com', '968899001'),
('Joana Teixeira', '$2b$10$gnSa.M85WuyxdmW8QPqrMOjI3QPFSX7VQltmbfX.MPgxU.Dp7buyy', 'F', '1991-02-28', 'D', 'Sintra', 'Portugal', 'joanateixeira91@gmail.com', '917788990'),
('Diogo Carvalho', '$2b$10$R7YQxAEhrmh4Z.iyKkKfX.PbCuuVJDPpjkg.mjMbITtKyCNe2kTOu', 'M', '2000-09-17', 'S', 'Cascais', 'Portugal', 'diogo.carvalho00@yahoo.com', '935566778'),
('Catarina Rocha', '$2b$10$M3RCAmtHycR.XPI70W2ae.jnX6PhFBOlhanegOijaICRR2Nr.22/C', 'F', '1986-05-09', 'M', 'Coimbra', 'Portugal', 'catrocha86@gmail.com', '962233445'),
('Bruno Neves', '$2b$10$sWaYeCr7qSNgEB.azeHW4eTxJOR3rRlVOsfe5VNuZL9Shs8piVzCC', 'M', '1994-10-21', 'S', 'Vila Real', 'Portugal', 'brunoneves94@outlook.com', '914455667'),
('Patrรญcia Gomes', '$2b$10$cZKe/vtfCyB67sbjyC2NAeVlgOTNh1J7LV6qg8OXRXK8Gk1GNyzma', 'F', '1980-07-03', 'D', 'Viana do Castelo', 'Portugal', 'patricomes@gmail.com', '936677889'),
('Filipe Monteiro', '$2b$10$uM7aA3fCPX7jVtsh0X8aHeXVVclg5T.zPJHgNlEMPmXJR94YMMM.W', 'M', '1983-01-29', 'M', 'Braga', 'Portugal', 'filipemonteiro83@gmail.com', '964455667'),
('Leonor Sousa', '$2b$10$S1O.2QrfpQriwxk5QpQyzeeeJA7nJ2b9r.bYhEfS5B.qv4RB5KGUO', 'F', '2005-06-16', 'S', 'Castelo Branco', 'Portugal', 'leonorsousa05@hotmail.com', '919900112'),
('Ricardo Machado', '$2b$10$1ViTnGhn3xGxUosHFv7hH.R40LK.rb21Wq.ax9SSYeO12KC0uByUC', 'M', '1978-08-04', 'W', 'Santarรฉm', 'Portugal', 'rmachado78@gmail.com', '932233445'),
('Daniela Azevedo', '$2b$10$dIgsP22oEJNt2tCcvw2MjuZQwrxxQASx2fX.viWrdYDwFTEbNgotq', 'F', '1996-12-11', 'M', 'Setรบbal', 'Portugal', 'dani.azevedo@yahoo.com', '967788990'),
('Andrรฉ Pires', '$2b$10$BTytOD3ZTG2pMB9vRI4GEehokY2pW1MKN9w5MC1JlIFm1VcBZ05I2', 'M', '1992-03-08', 'S', 'Faro', 'Portugal', 'apires92@gmail.com', '913344556'),
('Cris Martins', '$2b$10$uhSHBGjGk09SrY2C8/1couWzRUoObS0nI.gvz7Sdnjn1LtB6ICD0e', 'O', '1998-11-27', 'S', 'Porto', 'Portugal', 'crismartins98@outlook.com', '938899001'),
('Rita Faria', '$2b$10$WCK4doKE735QM9YImredgui2JHHOGv2zcFUSVsQjEKkogHf31gl0y', 'F', '1987-04-14', 'M', 'Lisboa', 'Portugal', 'ritafaria87@gmail.com', '965566778'),
('Tomรกs Correia', '$2b$10$.o1SQhSy32JrsydSxqmfZuDo57vfRDPFd0rFw9PXYN2D2Csm2a6SS', 'M', '2002-01-22', 'S', 'รvora', 'Portugal', 'tomas.correia02@gmail.com', '916677889'),
('Helena Batista', '$2b$10$w1vU821NBZvPdsEXaUsR1e.92wD59J/VBssJuI2hfP93LJYuuW82G', 'F', '1973-09-05', 'W', 'Beja', 'Portugal', 'hbatista73@hotmail.com', '931122334');




INSERT INTO posts (idUser, postDate, postText) VALUES
(2, '2026-05-01 10:30:00', 'Bom dia! Alguรฉm conhece um bom restaurante no Porto para o fim de semana?'),
(5, '2026-05-01 14:15:00', 'Finalmente de fรฉrias! Algarve, aqui vou eu.'),
(12, '2026-05-01 19:45:00', 'Alguรฉm jรก viu o novo filme que estreou ontem? Vale a pena ir ao cinema?'),
(1, '2026-05-02 08:20:00', 'Que trรขnsito horrรญvel na Segunda Circular hoje... Fiquei parado 40 minutos.'),
(20, '2026-05-02 11:10:00', 'A tentar aprender bases de dados relacionais e SQL. Alguma dica para iniciantes?'),
(8, '2026-05-02 18:00:00', 'O tempo estรก perfeito para uma corrida no paredรฃo de Cascais.'),
(30, '2026-05-03 09:30:00', 'Adotei um gatinho novo! Apresento-vos o Tareco'),
(15, '2026-05-03 13:00:00', 'Alguรฉm com disponibilidade para ir beber um cafรฉ logo ร  tarde pelo centro?'),
(4, '2026-05-03 22:15:00', 'Vitรณria incrรญvel do nosso clube ontem! Que grande jogo de futebol.'),
(18, '2026-05-04 09:00:00', 'A trabalhar remotamente hoje. O silรชncio รฉ de ouro para a concentraรงรฃo.'),
(22, '2026-05-04 12:30:00', 'Estou a precisar de uma sรฉrie nova. Qual รฉ a vossa favorita da atualidade?'),
(10, '2026-05-04 14:00:00', 'Fim de semana em famรญlia. Muito bom para recarregar baterias para a nova semana.'),
(25, '2026-05-04 15:45:00', 'A fotografia que tirei ontem na serra da Arrรกbida ficou brutal! A natureza รฉ incrรญvel.'),
(14, '2026-05-04 18:20:00', 'Receita nova testada e aprovada: bacalhau com natas divinal. Quem quer a receita?'),
(7, '2026-05-04 19:10:00', 'Alguรฉm sabe onde posso consertar o ecrรฃ do telemรณvel a um preรงo acessรญvel? Caiu-me hoje...');


INSERT INTO comments (idPost, idUser, commentDate, parentCommentId, commentText) VALUES
(1, 10, '2026-05-01 10:45:00', NULL, 'Experimenta a Adega Sรฃo Nicolau, a comida tradicional deles รฉ excelente!'),
(1, 2, '2026-05-01 11:05:00', 1, 'Obrigado pela dica! Fica muito caro ou รฉ acessรญvel?'),
(2, 26, '2026-05-01 15:00:00', NULL, 'Aproveita bem as fรฉrias Inรชs, bem mereces esse descanso!'),
(5, 11, '2026-05-02 11:30:00', NULL, 'Pratica muitos exercรญcios diretamente no Workbench, a teoria nรฃo chega.'),
(7, 12, '2026-05-03 09:45:00', NULL, 'Ohhh, que fofo! Tens de partilhar fotografias do Tareco connosco.'),
(7, 30, '2026-05-03 09:50:00', 5, 'Vou enviar-te umas fotos agora mesmo por mensagem privada!'),
(14, 3, '2026-05-04 18:30:00', NULL, 'Eu quero!! Partilha a receita aqui connosco, por favor.'),
(11, 9, '2026-05-04 12:45:00', NULL, 'Estou viciado em The Bear, tens mesmo de dar uma oportunidade a essa sรฉrie.'),
(8, 1, '2026-05-03 13:15:00', NULL, 'Eu alinho! Encontramo-nos na Baixa por volta das 17h?'),
(15, 17, '2026-05-04 19:30:00', NULL, 'Hรก uma loja fixe na rua direita que te repara isso na hora.');


INSERT INTO posts_likes (idUser, idPost, likeDate) VALUES
(2, 14, '2026-05-04 18:25:00'),
(10, 1, '2026-05-01 10:40:00'),
(26, 2, '2026-05-01 14:50:00'),
(1, 5, '2026-05-02 11:15:00'),
(11, 5, '2026-05-02 11:18:00'),
(12, 7, '2026-05-03 09:35:00'),
(20, 7, '2026-05-03 09:40:00'),
(3, 14, '2026-05-04 18:22:00'),
(9, 11, '2026-05-04 12:40:00'),
(17, 15, '2026-05-04 19:15:00');


INSERT INTO comments_likes (idUser, idComment, likeDate) VALUES
(2, 1, '2026-05-01 10:50:00'),
(10, 2, '2026-05-01 11:10:00'),
(5, 3, '2026-05-01 15:30:00'),
(20, 4, '2026-05-02 11:45:00'),
(30, 5, '2026-05-03 09:48:00'),
(12, 6, '2026-05-03 09:55:00'),
(14, 7, '2026-05-04 18:45:00'),
(22, 8, '2026-05-04 13:00:00'),
(15, 9, '2026-05-03 13:30:00'),
(7, 10, '2026-05-04 19:35:00');



INSERT INTO friendship (userId, friendId, friendshipStatus, friendDate) VALUES
(1, 2, 'F', '2023-05-14 10:30:00'),
(1, 3, 'F', '2024-01-20 15:45:00'),
(1, 5, 'P', '2026-05-10 09:15:00'),
(2, 4, 'F', '2023-11-23 18:00:00'),
(3, 8, 'B', '2025-02-10 14:20:00'),
(4, 6, 'F', '2024-08-30 20:10:00'),
(5, 7, 'F', '2025-12-05 11:05:00'),
(6, 9, 'P', '2026-04-18 16:30:00'),
(7, 10, 'F', '2024-09-22 12:40:00'),
(8, 11, 'F', '2023-07-11 08:50:00'),
(9, 1, 'B', '2025-01-15 22:15:00'),
(10, 12, 'F', '2025-06-25 19:25:00'),
(12, 13, 'F', '2024-03-12 17:00:00'),
(13, 14, 'P', '2026-05-12 10:00:00'),
(14, 15, 'F', '2025-08-19 14:30:00'),
(15, 16, 'B', '2026-01-30 09:20:00'),
(16, 17, 'F', '2023-12-14 21:10:00'),
(17, 18, 'F', '2024-02-28 13:45:00'),
(18, 19, 'P', '2026-05-01 11:30:00'),
(19, 20, 'F', '2025-05-09 18:05:00'),
(20, 21, 'F', '2024-10-21 16:50:00'),
(21, 22, 'B', '2025-07-03 20:20:00'),
(22, 23, 'F', '2026-01-29 15:15:00'),
(23, 24, 'F', '2025-06-16 12:00:00'),
(24, 25, 'P', '2026-05-14 08:30:00'),
(25, 26, 'F', '2024-12-11 19:40:00'),
(26, 27, 'F', '2025-03-08 14:10:00'),
(27, 28, 'B', '2026-02-27 10:55:00'),
(28, 29, 'F', '2024-04-14 22:30:00'),
(29, 30, 'F', '2025-01-22 17:45:00');


